wave,req,endpoint,http_code,result
1,1,customers,404,fail
1,2,customers,404,fail
1,3,customers,404,fail
1,47,customers,404,fail
1,15,products,200,ok
1,30,products,200,ok
1,19,customers,404,fail
1,16,products,200,ok
1,40,customers,404,fail
1,22,customers,404,fail
1,17,products,200,ok
1,23,products,200,ok
1,28,customers,404,fail
1,7,products,200,ok
1,23,customers,404,fail
1,44,customers,404,fail
1,9,orders,400,fail
1,4,customers,404,fail
1,37,customers,404,fail
1,2,products,200,ok
1,3,orders,400,fail
1,20,orders,400,fail
1,21,customers,404,fail
1,14,products,200,ok
1,20,products,200,ok
1,1,products,200,ok
1,17,orders,400,fail
1,11,orders,400,fail
1,14,customers,404,fail
1,8,customers,404,fail
1,5,customers,404,fail
1,32,customers,404,fail
1,31,customers,404,fail
1,24,customers,404,fail
1,6,products,200,ok
1,15,orders,400,fail
1,12,orders,400,fail
1,24,products,200,ok
1,12,products,200,ok
1,21,products,200,ok
1,33,customers,404,fail
1,3,products,200,ok
1,9,products,200,ok
1,27,customers,404,fail
1,43,customers,404,fail
1,48,customers,404,fail
1,6,orders,400,fail
1,28,products,200,ok
1,25,products,200,ok
1,26,customers,404,fail
1,5,products,200,ok
1,7,orders,400,fail
1,15,customers,404,fail
1,34,customers,404,fail
1,45,customers,404,fail
1,8,orders,400,fail
1,38,customers,404,fail
1,1,orders,400,fail
1,49,customers,404,fail
1,50,customers,404,fail
1,11,products,200,ok
1,39,customers,404,fail
1,12,customers,404,fail
1,18,orders,400,fail
1,16,customers,404,fail
1,6,customers,404,fail
1,4,products,200,ok
1,13,products,200,ok
1,10,customers,404,fail
1,14,orders,400,fail
1,17,customers,404,fail
1,25,customers,404,fail
1,36,customers,404,fail
1,30,customers,404,fail
1,26,products,200,ok
1,13,orders,400,fail
1,22,products,200,ok
1,4,orders,400,fail
1,19,products,200,ok
1,5,orders,400,fail
1,13,customers,404,fail
1,10,orders,400,fail
1,29,customers,404,fail
1,42,customers,404,fail
1,29,products,200,ok
1,18,customers,404,fail
1,9,customers,404,fail
1,18,products,200,ok
1,16,orders,400,fail
1,10,products,200,ok
1,11,customers,404,fail
1,20,customers,404,fail
1,27,products,200,ok
1,2,orders,400,fail
1,7,customers,404,fail
1,35,customers,404,fail
1,19,orders,400,fail
1,8,products,200,ok
1,41,customers,404,fail
1,46,customers,404,fail
2,2,customers,404,fail
2,4,customers,404,fail
2,23,products,200,ok
2,5,customers,404,fail
2,46,customers,404,fail
2,11,customers,404,fail
2,30,products,200,ok
2,7,customers,404,fail
2,1,customers,404,fail
2,16,orders,400,fail
2,23,customers,404,fail
2,25,products,200,ok
2,19,customers,404,fail
2,8,products,200,ok
2,20,orders,400,fail
2,16,products,200,ok
2,13,orders,400,fail
2,36,customers,404,fail
2,30,customers,404,fail
2,12,customers,404,fail
2,13,products,200,ok
2,3,customers,404,fail
2,14,customers,404,fail
2,11,products,200,ok
2,22,products,200,ok
2,19,products,200,ok
2,38,customers,404,fail
2,43,customers,404,fail
2,48,customers,404,fail
2,32,customers,404,fail
2,28,customers,404,fail
2,26,products,200,ok
2,26,customers,404,fail
2,6,orders,400,fail
2,20,products,200,ok
2,44,customers,404,fail
2,19,orders,400,fail
2,18,products,200,ok
2,2,orders,400,fail
2,15,customers,404,fail
2,12,orders,400,fail
2,7,products,200,ok
2,40,customers,404,fail
2,42,customers,404,fail
2,10,customers,404,fail
2,28,products,200,ok
2,7,orders,400,fail
2,2,products,200,ok
2,16,customers,404,fail
2,8,customers,404,fail
2,39,customers,404,fail
2,1,products,200,ok
2,4,products,200,ok
2,20,customers,404,fail
2,10,orders,400,fail
2,17,orders,400,fail
2,27,customers,404,fail
2,9,orders,400,fail
2,5,products,200,ok
2,34,customers,404,fail
2,5,orders,400,fail
2,10,products,200,ok
2,47,customers,404,fail
2,37,customers,404,fail
2,18,customers,404,fail
2,24,customers,404,fail
2,18,orders,400,fail
2,29,customers,404,fail
2,41,customers,404,fail
2,25,customers,404,fail
2,14,orders,400,fail
2,21,products,200,ok
2,31,customers,404,fail
2,17,customers,404,fail
2,29,products,200,ok
2,8,orders,400,fail
2,3,orders,400,fail
2,13,customers,404,fail
2,3,products,200,ok
2,17,products,200,ok
2,4,orders,400,fail
2,14,products,200,ok
2,9,customers,404,fail
2,35,customers,404,fail
2,11,orders,400,fail
2,33,customers,404,fail
2,12,products,200,ok
2,24,products,200,ok
2,45,customers,404,fail
2,15,orders,400,fail
2,50,customers,404,fail
2,6,customers,404,fail
2,1,orders,400,fail
2,21,customers,404,fail
2,22,customers,404,fail
2,49,customers,404,fail
2,15,products,200,ok
2,6,products,200,ok
2,9,products,200,ok
2,27,products,200,ok
3,1,customers,404,fail
3,3,customers,404,fail
3,9,customers,404,fail
3,13,customers,404,fail
3,14,customers,404,fail
3,6,customers,404,fail
3,2,customers,404,fail
3,21,customers,404,fail
3,4,customers,404,fail
3,31,customers,404,fail
3,15,customers,404,fail
3,48,customers,404,fail
3,15,products,200,ok
3,8,customers,404,fail
3,17,products,200,ok
3,42,customers,404,fail
3,16,customers,404,fail
3,24,customers,404,fail
3,47,customers,404,fail
3,18,products,200,ok
3,36,customers,404,fail
3,30,customers,404,fail
3,28,products,200,ok
3,5,orders,400,fail
3,7,orders,400,fail
3,19,customers,404,fail
3,16,orders,400,fail
3,30,products,200,ok
3,12,customers,404,fail
3,1,products,200,ok
3,45,customers,404,fail
3,23,customers,404,fail
3,27,products,200,ok
3,13,products,200,ok
3,12,orders,400,fail
3,4,products,200,ok
3,20,orders,400,fail
3,40,customers,404,fail
3,27,customers,404,fail
3,8,products,200,ok
3,39,customers,404,fail
3,2,orders,400,fail
3,9,products,200,ok
3,10,orders,400,fail
3,20,customers,404,fail
3,32,customers,404,fail
3,15,orders,400,fail
3,16,products,200,ok
3,34,customers,404,fail
3,41,customers,404,fail
3,21,products,200,ok
3,17,orders,400,fail
3,37,customers,404,fail
3,33,customers,404,fail
3,22,products,200,ok
3,1,orders,400,fail
3,43,customers,404,fail
3,46,customers,404,fail
3,7,customers,404,fail
3,9,orders,400,fail
3,35,customers,404,fail
3,10,products,200,ok
3,11,customers,404,fail
3,11,products,200,ok
3,25,customers,404,fail
3,13,orders,400,fail
3,8,orders,400,fail
3,2,products,200,ok
3,25,products,200,ok
3,38,customers,404,fail
3,29,customers,404,fail
3,44,customers,404,fail
3,50,customers,404,fail
3,28,customers,404,fail
3,19,products,200,ok
3,10,customers,404,fail
3,23,products,200,ok
3,18,orders,400,fail
3,26,customers,404,fail
3,14,orders,400,fail
3,29,products,200,ok
3,11,orders,400,fail
3,14,products,200,ok
3,19,orders,400,fail
3,18,customers,404,fail
3,24,products,200,ok
3,12,products,200,ok
3,7,products,200,ok
3,4,orders,400,fail
3,26,products,200,ok
3,5,products,200,ok
3,5,customers,404,fail
3,3,products,200,ok
3,17,customers,404,fail
3,22,customers,404,fail
3,3,orders,400,fail
3,20,products,200,ok
3,49,customers,404,fail
3,6,products,200,ok
3,6,orders,400,fail
